Date,Chrome,Opera,UC Browser,Firefox,Safari,Android,IE,Edge,Samsung Internet,BlackBerry,Edge Legacy,IEMobile,NetFront,Nokia,Instabridge,KaiOS,Dolfin,Obigo,Openwave,Maxthon,QQ Browser,Sony PSP Vita,360 Safe Browser,Samsung,Sogou Explorer,Unknown,Sony PS4,Phantom,SonyEricsson,Baidu Browser,Jasmine,Phoenix,LG,Other
2009-03,0.8,4.6,0,36.27,1.37,0,54.49,0,0,0,0,0,0.05,0.62,0,0,0,0,0.08,0,0,0,0,0,0,0,0,0,0.37,0,0,0,0,1.33
2009-04,9.24,9.37,0,27.22,2.14,0,50.75,0,0,0,0,0,0.29,0.42,0,0,0,0,0.11,0,0,0,0,0,0,0,0,0,0.29,0,0,0,0,0.16
2009-05,5.7,3.66,0,34.59,1.84,0,52.44,0,0,0,0,0,0.09,0.57,0,0,0,0,0.09,0,0,0,0,0,0,0,0,0,0.01,0,0,0,0,1.02
2009-06,5.12,2.87,0,31.8,1,0,57.08,0,0,0,0,0,0.58,0.76,0,0,0,0,0.07,0,0,0,0,0,0,0,0,0,0.01,0,0,0,0,0.72
2009-07,1.16,2.63,0,19.38,0.62,0,76.2,0,0,0.02,0,0,0,0,0,0,0,0,0,0,0,0,0,0,0,0,0,0,0,0,0,0,0,0
2009-08,1.37,3.81,0,35.31,1.15,0,58.25,0,0,0,0,0,0,0,0,0,0,0,0,0,0,0,0,0,0,0,0,0,0,0,0,0,0,0.11
2009-09,1.97,1.8,0,22.09,0.84,0,72.48,0,0,0.04,0,0,0.02,0.04,0,0,0,0,0,0,0,0,0,0,0,0,0,0,0,0,0,0,0,0.73
2009-10,2.81,5.19,0,33.12,1.35,0.01,56.67,0,0,0.14,0,0,0,0.14,0,0,0,0,0,0,0,0,0,0,0,0,0,0,0,0,0,0,0,0.58
2009-11,3.76,3.75,0,31.71,2.99,0,54.7,0,0,0.93,0,0.01,0,0.85,0,0,0,0,0,0,0,0,0,0,0,0,0,0,0,0,0,0,0,1.31
2009-12,1.77,6.15,0,25.53,2.14,0,63.18,0,0,0.2,0,0,0.05,0.55,0,0,0,0,0.09,0.15,0,0,0,0.12,0,0,0,0,0,0,0,0,0,0.08
2010-01,2.72,12.52,0,23.02,1.68,0,56.07,0,0,0.34,0,0.13,1.04,2.17,0,0,0,0,0.07,0.06,0,0,0,0.06,0,0,0,0,0,0,0,0,0,0.14
2010-02,2.96,10.5,0,29.32,0.97,0.03,52.68,0,0,0.09,0,0,1.17,1.71,0,0,0,0,0.25,0.14,0,0,0,0.08,0,0,0,0,0,0,0,0,0,0.1
2010-03,3.75,5.07,0,27.48,1.38,0.03,60.85,0,0,0.15,0,0,0.29,0.46,0,0,0,0,0.06,0.1,0,0,0,0.13,0,0,0,0,0,0,0,0,0,0.26
2010-04,3.02,4.34,0,24.96,2.66,0,59.66,0,0,0.12,0,0.02,0.25,4.51,0,0,0,0,0.09,0.02,0,0,0,0.04,0,0.06,0,0,0.09,0,0,0,0,0.18
2010-05,6.1,2.13,0,23.34,2.16,0.05,61.76,0,0,0.21,0,0,0.27,3.08,0,0,0,0,0.09,0.14,0,0,0,0.01,0,0.04,0,0,0.01,0,0,0,0,0.61
2010-06,4.98,0.35,0,25.59,1.1,0.03,66.33,0,0,0.51,0,0,0,0.63,0,0,0,0,0,0.18,0,0,0,0,0,0,0,0,0,0,0,0,0,0.3
2010-07,5.13,4.87,0,26.12,1.23,0.08,56.71,0,0,0.36,0,0.03,0.56,4.29,0,0,0,0,0.15,0.09,0,0,0,0.21,0,0,0,0,0.07,0,0,0,0.01,0.08
2010-08,7.19,4.61,0,26.67,1.9,0.03,55.68,0,0,0.16,0,0.03,0.49,2.73,0,0,0,0,0.15,0.11,0,0,0,0.13,0,0,0,0,0.02,0,0,0,0.01,0.1
2010-09,3.36,6.49,0,30.32,2.13,0.03,52.84,0,0,0.04,0,0.01,0.39,4,0,0,0,0,0.17,0.03,0,0,0,0.04,0,0,0,0,0.03,0,0,0,0,0.12
2010-10,3.75,10.44,0,26.31,2.12,0.56,46.35,0,0,0.01,0,0.05,0.65,9.19,0,0,0,0,0.24,0.05,0,0,0,0.12,0,0,0,0,0.01,0,0,0,0.01,0.14
2010-11,5.86,12.44,0,25.23,2.41,1.19,44.75,0,0,0.01,0,0.07,1.07,5.99,0,0,0,0,0.33,0.1,0,0,0,0.36,0,0,0,0,0.01,0,0,0,0.01,0.17
2010-12,5.14,15.63,0,27.95,1.55,0.69,42.49,0,0,0.07,0,0.02,0.79,4.66,0,0,0,0,0.33,0.01,0,0,0,0.26,0,0,0,0,0.13,0,0,0,0,0.27
2011-01,5.24,11.44,0,31.88,1.98,0.19,44.64,0,0,0.01,0,0.01,0.93,2.84,0,0,0,0,0.2,0.15,0,0,0,0.27,0,0,0,0,0,0,0,0,0.01,0.2
2011-02,7.12,9.1,0,29.77,3.76,0.13,45.85,0,0,0.03,0,0.02,0.59,2.59,0,0,0,0,0.39,0.11,0,0,0,0.31,0,0,0,0,0.12,0,0,0,0.01,0.11
2011-03,7.55,10.62,0,27.86,3.81,0.4,43.86,0,0,0.04,0,0.01,0.67,4.27,0,0,0,0,0.12,0.11,0,0,0,0.31,0,0,0,0,0.02,0,0,0,0.01,0.36
2011-04,7.05,13.95,0,25.67,3.15,0.82,41.97,0,0,0.12,0,0.03,0.75,5.37,0,0,0.02,0.02,0.15,0.44,0,0,0,0.15,0,0.06,0,0,0.08,0,0.02,0,0,0.16
2011-05,6.99,14.08,0,26.69,8.43,0.53,37.05,0,0,0.03,0,0.06,0.35,4.6,0,0,0.07,0.09,0.21,0.27,0,0,0,0.06,0,0.29,0,0,0.02,0,0.09,0,0,0.1
2011-06,7.43,9.22,0,32.68,4.67,0.52,40.6,0,0,0.05,0,0.02,0.76,2.95,0,0,0.04,0.1,0.24,0.11,0,0,0,0.06,0,0.12,0,0,0.01,0,0.02,0,0.01,0.39
2011-07,7.46,9.11,0,33.89,3.92,0.5,40.49,0,0,0.44,0,0.02,0.79,1.68,0,0,0.08,0.21,0.11,0.16,0,0,0,0.15,0,0,0,0,0.05,0,0.02,0,0.05,0.88
2011-08,8.98,7.48,0,31.96,3.67,0.53,43.26,0,0,0.34,0,0.02,0.58,2,0,0,0.13,0.08,0.08,0.18,0,0,0,0.08,0,0.02,0,0,0.06,0,0.02,0,0.06,0.48
2011-09,9.02,6.5,0.01,33.08,3.13,0.45,44.78,0,0,0.37,0,0.05,0.56,1.22,0,0,0.1,0.05,0.12,0.19,0,0,0,0.1,0,0.01,0,0,0.01,0,0.02,0,0,0.23
2011-10,9.49,5.45,0.1,35.31,3.61,0.65,42.2,0,0,0.28,0,0.13,0.49,1.66,0,0,0.06,0.01,0.05,0.1,0,0,0,0.09,0,0,0,0,0.03,0,0,0,0.01,0.27
2011-11,9.92,7.19,0.16,37.55,4.23,0.83,36.04,0,0,0.28,0,0.03,0.52,2.6,0,0,0.17,0.04,0.05,0.14,0,0,0,0.1,0,0,0,0,0.03,0,0,0,0,0.12
2011-12,10.99,10.78,0.28,36.54,2.79,0.63,33.53,0,0,0.16,0,0.06,1.32,2.01,0,0,0.11,0.26,0.08,0.1,0,0,0,0.13,0,0,0,0,0.04,0,0.02,0,0.01,0.15
2012-01,9.89,11.28,0.21,31.43,4.19,0.81,38.1,0,0,0.17,0,0.03,1.28,1.42,0,0,0.22,0.17,0.11,0.18,0,0,0,0.31,0,0,0,0,0.04,0,0.02,0,0,0.14
2012-02,10.28,8.69,0.54,30.72,4.63,0.81,40.93,0,0,0.21,0,0.03,0.72,1.39,0,0,0.17,0.17,0.1,0.13,0,0,0,0.21,0,0,0,0,0.02,0,0.05,0,0,0.2
2012-03,11.75,7.98,1.06,34.69,5.62,1.18,34.38,0,0,0.2,0,0.04,0.8,1.36,0,0,0.18,0.07,0.07,0.15,0,0,0,0.22,0,0,0,0,0.02,0,0.02,0,0,0.2
2012-04,13.71,7.3,1.33,35.24,6.05,1.06,30.97,0,0,0.28,0,0.02,1.35,1.2,0,0,0.15,0.14,0.09,0.16,0,0,0,0.3,0,0,0,0,0.01,0,0.03,0,0.34,0.27
2012-05,14.85,8.2,1.32,33.11,4.52,1.57,30.74,0,0,0.4,0,0.07,2.41,1.04,0,0,0.25,0.08,0.08,0.19,0.06,0,0.02,0.4,0,0.01,0,0,0.02,0,0.03,0,0.01,0.62
2012-06,13.75,7.76,1.27,36.3,4.97,1.94,29.56,0,0,0.36,0,0.21,1.02,0.77,0,0,0.35,0.2,0.06,0.19,0.03,0,0.28,0.27,0,0,0,0,0.01,0,0.04,0,0.01,0.64
2012-07,15.05,7.2,1.03,34.98,4.79,1.65,29.97,0,0,0.22,0,0.17,0.56,1.09,0,0,1.58,0.07,0.11,0.25,0.02,0,0.25,0.19,0.01,0.22,0,0,0.12,0,0.07,0,0,0.39
2012-08,15.69,6.78,1.34,34.56,7.38,2.35,27.63,0,0,0.2,0,0.3,0.35,1.04,0,0,0.77,0.07,0.12,0.49,0,0,0.17,0.23,0.09,0.06,0,0,0.12,0,0.02,0,0,0.24
2012-09,13.18,10.91,1.71,33.7,6.18,3.86,24.2,0,0,0.38,0,0.07,0.78,1.84,0,0,0.83,0.63,0.09,0.44,0.01,0,0,0.34,0.01,0.24,0,0.03,0.04,0,0.06,0,0.01,0.44
2012-10,15.25,8.34,1.14,31.91,7.15,5.04,26.1,0,0,0.26,0,0.17,0.54,1.5,0,0,0.47,0.33,0.07,0.21,0.12,0,0,0.21,0.18,0.13,0,0.06,0,0,0.02,0,0,0.78
2012-11,14.79,7.49,1.57,33.3,7.96,4.9,25.75,0,0,0.47,0,0.13,0.23,1,0,0,0.55,0.22,0.05,0.14,0.26,0,0,0.19,0.24,0.11,0,0.04,0.01,0,0.02,0,0.01,0.58
2012-12,11.6,5.41,0.88,46.5,4.28,3.46,25.56,0,0,0.32,0,0.13,0.12,0.51,0,0,0.28,0.1,0.02,0.18,0.01,0,0,0.07,0.1,0.04,0,0.02,0,0,0,0,0.01,0.4
2013-01,14.27,8.45,1.68,33.42,7.23,5.22,24.8,0,0,0.44,0,0.16,0.15,1.63,0,0,0.53,0.3,0.03,0.37,0.01,0,0,0.22,0.25,0.1,0,0.04,0.07,0,0.01,0,0.01,0.6
2013-02,15.6,10.19,2.25,31.78,7.63,5.3,23.13,0,0,0.34,0,0.13,0.2,1.16,0,0,0.4,0.46,0.04,0.17,0.02,0,0.01,0.27,0.16,0.13,0,0.02,0.01,0,0.01,0,0,0.57
2013-03,16.13,10.8,2.19,28.04,7.35,7.51,22.32,0,0,0.76,0,0.79,0.33,1.63,0,0,0.8,0.2,0.01,0.14,0.02,0,0,0.19,0.08,0.14,0,0.02,0.1,0,0.01,0,0,0.45
2013-04,15.98,15.1,2.06,26.69,7.96,7.04,18.75,0,0,0.6,0,0.41,0.5,2.17,0,0,0.58,0.21,0.07,0.89,0.01,0,0,0.37,0.07,0.15,0,0.05,0.02,0,0.02,0,0.02,0.29
2013-05,15.99,18.07,1.37,26.77,8.69,6.42,17.46,0,0,0.57,0,0.39,0.37,1.98,0,0,0.51,0.24,0.09,0.28,0.02,0,0,0.17,0.06,0.15,0,0.06,0.05,0,0.02,0,0.01,0.25
2013-06,17.04,16.08,2.56,28.93,7.92,6.4,16.42,0,0,0.42,0,0.46,0.35,1.46,0,0,0.45,0.25,0.09,0.32,0.05,0,0,0.15,0.12,0.16,0,0.05,0.02,0,0.03,0,0.01,0.25
2013-07,17.32,17.37,2.3,26.98,7.71,6.44,17.33,0,0,0.59,0,0.59,0.39,0.79,0,0,0.42,0.27,0.19,0.43,0.03,0,0,0.16,0.18,0.08,0,0.02,0,0,0.06,0,0.01,0.33
2013-08,16.25,18.97,3.49,23.43,8.34,6.92,16.41,0,0,0.92,0,0.74,0.3,1.24,0,0,0.68,0.49,0.19,0.8,0.03,0,0,0.09,0.19,0.15,0,0.03,0.03,0,0.03,0,0.01,0.25
2013-09,14.48,23.78,3.45,23.01,5.41,7.47,16.4,0,0,1.05,0,0.8,0.41,1.35,0,0,0.67,0.38,0.27,0.25,0.01,0,0.01,0.14,0.21,0.1,0,0.09,0.01,0,0.08,0,0.02,0.16
2013-10,8.98,50.8,3.23,13.19,3.65,3.97,8.86,0,0,0.52,0,0.53,1.14,1.15,0,0,1.05,0.7,1.07,0.18,0.04,0,0,0.21,0.16,0.25,0,0.1,0.01,0,0.08,0,0.04,0.1
2013-11,13.53,17.18,7.51,18.68,6.03,5.87,12.38,0,0,1.22,0,1.1,5.37,2.13,0,0,0.77,2.57,2.83,0.32,0.06,0,0,1.01,0.07,0.62,0,0.07,0.05,0,0.25,0,0.3,0.09
2013-12,14.29,16.25,8.59,17.48,5.93,8.22,10.32,0,0,1.05,0,0.89,5.39,1.96,0,0,0.83,2.73,2.99,0.2,0.09,0,0,0.82,0.03,0.33,0,0.26,0.53,0,0.4,0,0.28,0.15
2014-01,15.28,16.04,10.17,18.46,6.38,8.41,11.24,0,0,0.87,0,0.82,3.8,1.65,0,0,0.7,1.49,2.54,0.27,0.09,0,0,0.31,0.07,0.06,0,0.08,0.24,0,0.42,0,0.47,0.13
2014-02,14.6,17.77,11.21,19.36,5.78,8.09,10.89,0,0,1.36,0,0.8,1.71,1.62,0,0,0.57,1.67,1.94,0.57,0.13,0.07,0,0.66,0.1,0.15,0,0.14,0.21,0,0.19,0,0.26,0.12
2014-03,12.24,33.5,7.3,17.38,5.04,5.8,10.79,0,0,0.97,0,0.7,0.88,1.12,0,0,0.92,0.85,0.83,0.33,0.04,0.02,0,0.37,0.1,0.02,0,0.1,0.12,0,0.09,0,0.39,0.09
2014-04,12.43,40.33,5.21,17.76,4.2,5.17,8.75,0,0,1.05,0,0.59,0.95,0.88,0,0,0.45,0.42,0.55,0.23,0.02,0.02,0,0.17,0.06,0.1,0,0.11,0.15,0,0.07,0,0.17,0.15
2014-05,10.52,46.22,4.46,13.8,4.2,6.85,6.77,0,0,1.31,0,1,1.09,1.08,0,0,0.44,0.47,0.66,0.19,0.03,0.03,0,0.26,0.08,0.08,0,0.05,0.07,0,0.08,0,0.12,0.14
2014-06,10.09,54.56,3.35,11,3.38,5.84,5.8,0,0,1.13,0,0.64,1.05,0.84,0,0,0.34,0.41,0.52,0.18,0.05,0.02,0,0.27,0.08,0.07,0,0.06,0.05,0,0.07,0,0.08,0.1
2014-07,11.38,55.07,2.4,12.17,3.56,4.36,6.4,0,0,1.17,0,0.59,0.5,0.77,0,0,0.19,0.21,0.32,0.19,0.03,0.04,0,0.09,0.08,0.04,0.09,0.05,0.04,0.01,0.1,0,0.04,0.13
2014-08,9.85,59.65,2.55,11.4,2.89,4.14,5.61,0,0,0.91,0,0.57,0.44,0.74,0,0,0.17,0.15,0.22,0.16,0.03,0.03,0.01,0.13,0.07,0.03,0,0.04,0.03,0.01,0.07,0,0.05,0.04
2014-09,10.29,60.89,2.29,11.19,2.68,3.96,5.3,0,0,0.78,0,0.52,0.4,0.41,0,0,0.27,0.19,0.16,0.11,0.01,0.02,0.01,0.06,0.03,0.03,0,0.03,0.03,0.02,0.1,0,0.02,0.19
2014-10,12.35,56.06,1.82,12.07,4.45,3.62,6.93,0,0,0.85,0,0.4,0.31,0.3,0,0,0.14,0.08,0.1,0.14,0.01,0.03,0,0.04,0.06,0.02,0,0.03,0.02,0.03,0.05,0,0.01,0.1
2014-11,26.12,16.16,1.72,24.26,7.56,6.19,14.4,0,0,1.19,0,0.98,0.14,0.15,0,0,0.16,0.13,0.07,0.3,0.04,0.06,0,0,0.11,0,0,0.01,0.02,0.05,0,0,0,0.19
2014-12,25.88,16.06,3.1,23.06,7.83,7.13,13.87,0,0,1.12,0,0.64,0.07,0.21,0,0,0.12,0.17,0.01,0.27,0.11,0.02,0,0.01,0.11,0.01,0,0.04,0.01,0.04,0,0,0.01,0.1
2015-01,25.36,15.54,3.32,24.16,6.48,6.66,15.38,0,0,1.26,0,0.57,0.05,0.11,0,0,0.08,0.11,0.01,0.28,0.17,0.03,0,0,0.07,0.02,0,0.01,0.01,0.15,0.02,0,0,0.15
2015-02,25.87,15.1,3.42,24.66,5.99,7.63,14.22,0,0,1.31,0,0.57,0.04,0.11,0,0,0.11,0.1,0.01,0.32,0.07,0.04,0.01,0.01,0.09,0,0.01,0.01,0.01,0.06,0,0,0,0.21
2015-03,27.14,17.21,5.01,21.44,5.64,8.48,11.59,0,0,1.2,0,0.88,0.12,0.18,0,0,0.11,0.1,0.05,0.25,0.08,0.05,0.03,0.01,0.08,0.03,0,0.01,0.01,0.08,0.02,0,0.01,0.17
2015-04,22.15,21.17,8.88,18.99,5.29,8.32,8.95,0,0,1.5,0,1.29,0.34,0.79,0,0,0.21,0.32,0.19,0.39,0.06,0.05,0.01,0.01,0.18,0.36,0.01,0.07,0.05,0.2,0.07,0,0.01,0.15
2015-05,21.92,24.25,11.36,14.81,5.29,8.14,9.3,0,0,1.3,0,1.15,0.32,0.28,0,0,0.14,0.26,0.17,0.23,0.06,0.03,0.01,0.05,0.13,0.07,0,0.07,0.08,0.15,0.13,0,0.08,0.22
2015-06,11.82,57.64,6.7,8.26,2.72,4.9,5,0,0,0.76,0,0.6,0.27,0.14,0,0,0.22,0.13,0.1,0.17,0.07,0.05,0,0.01,0.07,0.04,0,0.06,0.03,0.12,0.03,0,0.02,0.07
2015-07,14.82,42.26,10.19,12.1,3.42,7.37,5.63,0,0,1.21,0,0.79,0.46,0.28,0,0,0.22,0.26,0.12,0.14,0.03,0.13,0,0.02,0.07,0.04,0,0.12,0.06,0.1,0.04,0,0.02,0.11
2015-08,8.78,65.35,7.79,5.43,2.05,4.63,3.33,0,0,0.77,0.06,0.47,0.27,0.13,0,0,0.11,0.17,0.08,0.11,0.03,0.07,0,0.01,0.04,0.11,0,0.04,0.05,0.04,0.02,0,0.01,0.06
2015-09,9.47,63.25,9.6,4.95,2.04,4.9,2.82,0,0,0.91,0.09,0.66,0.32,0.11,0,0,0.13,0.11,0.09,0.06,0.06,0.08,0,0.01,0.04,0.12,0,0.03,0.04,0.04,0.02,0,0.01,0.05
2015-10,10.84,56.74,12.21,6.44,2.44,5.31,3.07,0,0,0.88,0.1,0.82,0.27,0.1,0,0,0.11,0.12,0.09,0.06,0.04,0.04,0,0.02,0.08,0.02,0,0.04,0.02,0.03,0.02,0,0.01,0.08
2015-11,10.27,58.77,13.25,5.71,2.63,4.17,2.56,0,0,0.7,0.1,0.47,0.42,0.11,0,0,0.11,0.15,0.12,0.08,0.05,0.05,0,0.02,0.04,0.08,0,0.03,0.03,0.02,0.02,0,0.01,0.03
2015-12,11.95,50.98,15.24,7.19,2.29,4.54,4.27,0,0,0.97,0.15,0.46,0.44,0.19,0,0,0.14,0.14,0.53,0.09,0.03,0.07,0,0.01,0.04,0.07,0,0.03,0.04,0.05,0.04,0,0.01,0.04
2016-01,12.59,52.8,15.19,6.43,2.52,4.87,2.79,0,0,0.83,0.12,0.43,0.34,0.13,0,0,0.16,0.1,0.17,0.09,0.03,0.04,0,0.03,0.07,0.06,0,0.03,0.08,0.02,0.03,0,0.01,0.05
2016-02,13.78,48.82,15.84,6.86,2.44,5.37,3.17,0,0.23,1.17,0.17,0.68,0.44,0.15,0,0,0.14,0.14,0.1,0.07,0.01,0.07,0,0.01,0.08,0.03,0,0.03,0.04,0.03,0.03,0,0.01,0.09
2016-03,9.64,52.64,18.58,4.67,2.55,5.5,1.93,0,0.93,1.18,0.18,0.42,0.58,0.19,0,0,0.14,0.17,0.13,0.12,0.03,0.07,0,0.02,0.05,0.03,0,0.06,0.07,0.04,0.01,0,0.01,0.07
2016-04,11.34,51.53,17.11,5.07,2.86,5.1,1.78,0,1.04,1.56,0.17,0.66,0.48,0.22,0,0,0.09,0.3,0.11,0.09,0.05,0.07,0,0.01,0.05,0.06,0,0.05,0.05,0.04,0.01,0,0.01,0.08
2016-05,11.32,54.11,13.63,4.66,3.1,5.96,1.62,0,0.99,1.71,0.23,0.89,0.47,0.19,0,0,0.1,0.32,0.17,0.08,0.02,0.09,0.01,0.01,0.02,0.05,0,0.05,0.07,0.05,0.01,0,0,0.08
2016-06,13.15,54.95,8.75,5.92,2.65,6.64,1.88,0,1.13,1.27,0.25,0.64,1.08,0.32,0,0,0.23,0.33,0.21,0.09,0.03,0.09,0.02,0.02,0.04,0.03,0,0.04,0.08,0.06,0.03,0,0.01,0.06
2016-07,12.76,55.14,11.48,5.38,2.2,6.21,1.8,0,1.39,0.8,0.32,0.36,0.75,0.26,0,0,0.23,0.19,0.18,0.08,0.03,0.07,0,0.01,0.02,0.05,0,0.09,0.05,0.04,0.01,0,0.05,0.05
2016-08,11.68,59.49,10.64,4.79,1.88,6.25,1.32,0,1.08,0.5,0.37,0.34,0.38,0.2,0,0,0.13,0.18,0.2,0.11,0.05,0.1,0,0,0.06,0.03,0,0.05,0.06,0.02,0.02,0,0.02,0.04
2016-09,12.82,57.31,10.66,4.79,1.75,6.87,1.27,0,1.25,0.64,0.26,0.4,0.43,0.23,0,0,0.25,0.37,0.17,0.07,0.06,0.04,0,0,0.05,0.02,0,0.05,0.04,0.05,0.05,0,0.07,0.05
2016-10,15.81,49.41,12.97,5.97,2.56,6.97,1.51,0,1.73,0.75,0.28,0.4,0.49,0.27,0,0,0.16,0.19,0.14,0.11,0.02,0.04,0,0.01,0.03,0.02,0,0.01,0.03,0.03,0.03,0,0.01,0.04
2016-11,17.72,48.89,11.37,6.27,2.97,6.72,1.69,0,1.42,0.75,0.35,0.39,0.44,0.22,0,0,0.08,0.1,0.08,0.1,0.03,0.1,0,0.05,0.03,0.01,0,0.02,0.03,0.12,0.01,0,0,0.03
2016-12,17.84,49.52,12.42,6.36,2.48,5.46,1.64,0,1.79,0.67,0.38,0.4,0.29,0.14,0,0,0.1,0.06,0.06,0.1,0.02,0.03,0,0.01,0.02,0,0,0.02,0.07,0.03,0,0,0,0.09
2017-01,24.39,30.73,18.22,8.15,3,7.82,1.76,0,2.66,0.89,0.45,0.5,0.43,0.21,0,0,0.19,0.1,0.1,0.15,0.02,0.04,0,0.01,0.02,0.01,0,0.02,0.06,0.03,0.01,0,0,0.03
2017-02,30.21,15.97,24.14,8.07,3.39,9.62,1.69,0,2.82,0.89,0.49,0.6,0.8,0.31,0,0,0.24,0.15,0.1,0.11,0.02,0.06,0,0.01,0.02,0,0,0.02,0.08,0.09,0.02,0,0.01,0.07
2017-03,30.13,13.29,31.62,6.5,3.4,8.04,1.51,0,2.1,0.8,0.51,0.54,0.33,0.24,0,0,0.2,0.15,0.04,0.24,0.06,0.02,0,0.01,0.02,0,0,0.01,0.03,0.09,0.01,0,0,0.09
2017-04,28.41,11.66,34,6.02,2.93,9.56,1.13,0,3.11,0.81,0.36,0.57,0.37,0.18,0,0,0.24,0.09,0.03,0.08,0.04,0.02,0,0.01,0.02,0,0,0.2,0.02,0.08,0,0,0,0.07
2017-05,29.54,12.24,31.87,7.63,2.96,8.95,1.75,0,2.28,0.63,0.46,0.43,0.26,0.08,0,0,0.44,0.04,0.01,0.09,0.02,0.02,0,0,0.03,0.01,0,0.12,0.01,0.05,0.01,0,0.01,0.05
2017-06,31.98,11.7,31.35,6.62,3.09,8.98,1.46,0,1.98,0.57,0.7,0.54,0.33,0.07,0,0,0.18,0.05,0.01,0.05,0.03,0.04,0,0.02,0.03,0,0,0.06,0.03,0.04,0,0,0,0.07
2017-07,30.11,11.78,32.85,7.92,2.88,8.16,1.5,0,2.08,0.79,0.48,0.76,0.1,0.09,0,0,0.1,0.06,0.01,0.07,0.01,0.08,0,0,0.02,0.03,0.01,0.01,0.01,0.01,0,0,0,0.04
2017-08,33.3,15.15,23.36,8.98,3.21,8.76,1.85,0,2.16,1,0.52,1.04,0.09,0.08,0,0,0.06,0.07,0.01,0.04,0.05,0.04,0.03,0,0.02,0.04,0.01,0.01,0,0.03,0,0,0,0.1
2017-09,33.85,13.57,28.71,6.77,2.87,8.4,1.58,0,2.24,0.52,0.42,0.49,0.08,0.07,0,0,0.05,0.04,0.01,0.07,0.06,0.05,0.02,0.01,0.01,0,0.01,0.02,0,0.03,0,0,0,0.04
2017-10,33.66,15.11,25.94,7.2,3.22,8.41,1.48,0,2.42,0.77,0.51,0.36,0.21,0.11,0,0,0.05,0.02,0.01,0.12,0.12,0.05,0.03,0,0.11,0,0.01,0.02,0.02,0.01,0,0,0,0.03
2017-11,36.45,14.43,23.2,6.69,3.46,8.39,1.67,0,2.39,0.74,0.67,0.42,0.7,0.16,0,0,0.04,0.03,0.02,0.12,0.16,0.12,0.02,0,0.02,0,0.01,0.01,0,0.02,0,0,0.01,0.04
2017-12,35.94,12.47,28.43,5.81,3.16,8.57,1.75,0,1.84,0.49,0.41,0.26,0.12,0.19,0,0,0.12,0.02,0.01,0.06,0.1,0.04,0,0,0.05,0.01,0,0,0.02,0.02,0,0,0,0.06
2018-01,38.7,13.58,23.26,6.71,3.32,8.63,1.53,0,2.18,0.42,0.46,0.22,0.24,0.17,0,0,0.03,0.09,0.01,0.07,0.07,0.03,0,0,0.15,0.01,0.03,0.02,0.01,0.02,0,0,0.01,0.05
2018-02,32.81,13.41,29.21,6.58,3.88,8.02,1.7,0,2.33,0.44,0.51,0.21,0.05,0.12,0,0,0.12,0.04,0,0.17,0.09,0.06,0,0.01,0.14,0.01,0.01,0.03,0,0.01,0,0,0.02,0.04
2018-03,39.09,12.4,23.52,6.18,3.69,8.84,1.98,0,2.13,0.38,0.58,0.33,0.08,0.13,0,0,0.11,0.08,0,0.11,0.08,0.06,0,0.02,0.1,0.01,0.03,0.01,0,0.01,0,0,0,0.04
2018-04,38.72,13.7,21.53,6.49,4.01,8.9,1.58,0,2.39,0.45,0.75,0.49,0.06,0.14,0,0,0.3,0.04,0,0.05,0.14,0.03,0,0,0.1,0.01,0.04,0.01,0,0.03,0,0,0,0.03
2018-05,39.13,12.66,24.74,6.15,3.73,8.03,1.24,0,1.91,0.31,0.72,0.46,0.09,0.18,0,0,0.33,0.05,0,0.02,0.05,0.06,0,0,0.03,0.01,0.01,0.02,0,0.02,0,0,0,0.03
2018-06,43.57,13.56,17.93,7.19,4.02,7.69,1.68,0,2.31,0.33,0.64,0.49,0.04,0.1,0,0,0.16,0.05,0.01,0.03,0.04,0.03,0,0.01,0.02,0,0.01,0.06,0,0.02,0,0,0,0.03
2018-07,38.69,12.48,23.47,6.38,3.66,8.21,1.91,0,2.16,0.63,1.04,0.37,0.04,0.14,0,0,0.06,0.09,0,0.21,0.05,0.15,0,0.01,0.02,0.01,0.05,0.05,0,0.02,0,0,0,0.08
2018-08,42.01,14.89,15.54,10.15,3.22,6.21,1.91,0,3,0.63,1.4,0.36,0.04,0.19,0,0,0.08,0.08,0.01,0.03,0.06,0.02,0,0,0.02,0.02,0.03,0.04,0,0.02,0,0,0,0.05
2018-09,46.32,14.7,8.73,10.44,5.17,6.02,2.74,0,2.58,0.57,1.76,0.36,0.07,0.07,0,0,0.22,0.01,0.01,0.03,0.06,0.02,0,0,0.01,0.06,0,0,0,0.03,0,0,0,0.05
2018-10,46.55,14.46,6.37,15.28,4.04,4.72,2.6,0,2.11,0.53,2.4,0.33,0.04,0.03,0,0,0.21,0,0,0.1,0.09,0.01,0,0,0,0.01,0,0,0,0.02,0,0,0,0.08
2018-11,48.65,13.91,6.22,13.08,4.51,5,2.67,0,2.39,0.58,2.24,0.21,0.02,0.05,0,0,0.16,0.01,0.03,0.09,0.07,0,0,0,0.01,0.01,0,0,0,0.02,0,0,0,0.08
2018-12,49.94,14.64,6.4,12.1,4.09,4.74,1.52,0,2.58,0.36,2.78,0.18,0.06,0.1,0,0,0.14,0.02,0.05,0.05,0.11,0.01,0,0.01,0.01,0.04,0,0,0,0.01,0,0,0,0.08
2019-01,48.02,14.27,8.58,10.49,5.87,4.66,1.77,0,3.33,0.3,1.69,0.2,0.07,0.07,0,0,0.22,0,0,0.06,0.17,0.05,0,0.03,0.04,0,0,0,0,0.01,0,0,0,0.08
2019-02,49.68,14.55,7.17,9.38,5.61,5.48,2.32,0,3.37,0.21,1.38,0.15,0.03,0.06,0,0,0.13,0.01,0,0.13,0.12,0.02,0,0.11,0,0,0,0,0,0.01,0,0,0,0.11
2019-03,50.89,12.59,5.14,9.77,5.77,4.32,5.93,0,2.43,0.12,2.28,0.22,0.02,0.04,0,0.02,0.07,0,0,0.09,0.09,0.11,0,0.02,0.02,0,0.01,0,0.01,0,0,0,0,0.03
2019-04,52.8,12.69,4.24,11.29,6.34,4.02,2.1,0,2.61,0.14,3.18,0.11,0.02,0.1,0,0.01,0.01,0.01,0,0.04,0.15,0.01,0,0.01,0.01,0,0,0,0,0.01,0,0,0,0.1
2019-05,53.94,13.33,3.87,10.44,5.16,5.06,2.03,0,2.73,0.21,2.46,0.11,0.01,0.18,0,0.03,0.02,0,0,0.02,0.19,0.02,0,0,0.01,0,0,0,0,0.01,0,0,0,0.15
2019-06,52.72,14.51,5.33,8.74,5.55,5.63,1.54,0,2.41,0.26,2.5,0.11,0.06,0.28,0,0.07,0.02,0.01,0,0.03,0.09,0.01,0,0,0.01,0.03,0,0,0,0.01,0,0,0,0.06
2019-07,52.76,15.11,5.46,8.13,4.55,6.34,1.8,0,2.71,0.22,2.04,0.14,0.08,0.07,0,0.16,0.01,0.01,0,0.02,0.05,0.01,0,0.02,0,0,0.01,0,0,0.01,0,0,0,0.27
2019-08,58.87,14.04,3.37,7.71,4.84,3.41,1.65,0,2.66,0.2,2.48,0.1,0.05,0.06,0,0.21,0.01,0.02,0,0.04,0.08,0.03,0,0,0,0,0.02,0,0,0,0,0,0,0.18
2019-09,59.4,13.69,3.78,7.13,6.4,2.43,1.67,0,3.01,0.12,1.68,0.08,0.01,0.07,0,0.27,0,0.01,0,0.01,0.15,0.03,0,0,0.01,0,0,0,0,0,0,0,0,0.04
2019-10,61.6,12.39,3,8.14,5.14,2.28,1.74,0,2.83,0.17,1.74,0.13,0.01,0.1,0,0.37,0.02,0.01,0,0.04,0.16,0.02,0,0,0,0,0.02,0,0,0.01,0,0,0,0.08
2019-11,62.31,11.88,3.06,9.05,5.36,1.17,1.48,0,2.74,0.21,2.07,0.08,0.02,0.06,0,0.31,0.01,0,0,0.03,0.08,0.03,0,0,0,0,0,0,0,0,0,0,0,0.05
2019-12,63.16,12.48,2.51,8.73,4.88,1.38,1.54,0,2.39,0.18,2.09,0.11,0,0.12,0,0.21,0.01,0.01,0,0.02,0.09,0.06,0,0,0,0.01,0.01,0,0,0,0,0,0,0.03
2020-01,62.34,12.21,2.07,7.51,5.49,1.82,1.52,0,2.66,0.16,3.31,0.09,0.01,0.05,0,0.27,0.02,0,0,0.02,0.31,0.01,0,0,0,0,0.01,0,0,0,0,0,0,0.11
2020-02,64.91,7.77,2.3,7.84,6.68,2.94,1.24,0.03,2.9,0.2,2.5,0.09,0,0.01,0,0.33,0,0,0,0.01,0.04,0.02,0,0.01,0.07,0,0.01,0,0,0,0,0,0,0.11
2020-03,67.95,3.75,2.68,8.19,5.6,4.35,0.91,0.08,2.92,0.08,2.2,0.1,0,0.02,0,0.27,0,0,0,0.02,0.28,0.18,0.34,0.01,0,0,0,0,0,0,0,0,0,0.03
2020-04,68.71,5.69,3.61,5.13,6.34,3,0.61,0.09,3.1,0.15,2.06,0.08,0,0,0,0.23,0,0,0,0.02,0.1,0.01,0.9,0.01,0,0,0.03,0,0,0.01,0,0,0,0.12
2020-05,66.03,7.72,3.33,7.99,6.43,1.13,0.6,0.31,3.25,0.06,1.93,0.03,0,0,0,0.23,0,0,0,0.01,0.05,0.04,0.79,0,0,0,0.02,0,0,0,0,0,0,0.05
2020-06,64.87,7.63,1.89,10.83,5.93,1,0.61,0.96,2.88,0.09,2.11,0.16,0,0,0,0.21,0,0,0,0.05,0.12,0.09,0.51,0.01,0,0,0.01,0,0,0,0,0,0,0.03
2020-07,66.87,7.56,2.27,10.15,4.96,0.81,0.69,1.69,2.44,0.14,1.2,0.21,0,0,0,0.31,0,0,0,0.02,0.15,0.1,0.35,0,0.01,0,0.04,0,0,0,0,0,0,0.05
2020-08,67.74,7.62,2.18,9.21,4.97,0.75,0.73,2.46,1.98,0.08,1.03,0.11,0,0,0,0.35,0,0,0,0.18,0.31,0.03,0.21,0.01,0,0.01,0.04,0,0,0,0,0,0,0.03
2020-09,67.6,7.17,1.82,9.89,5.32,0.65,0.82,2.51,2.08,0.05,0.77,0.1,0,0,0,0.49,0,0,0,0.09,0.19,0.03,0.34,0,0,0.01,0.02,0,0,0,0,0,0,0.04
2020-10,65.66,6.73,1.58,10.21,5.11,0.72,0.66,2.77,1.77,0.05,3.34,0.04,0,0,0,0.6,0,0,0,0.07,0.05,0,0.49,0,0,0,0.06,0,0,0,0,0,0,0.05
2020-11,70.82,6.64,1.45,6.2,5.5,1.25,0.71,3.18,2.17,0.15,0.57,0.02,0,0,0,0.41,0,0,0,0,0.09,0.01,0.67,0,0,0.01,0.1,0,0,0,0,0,0,0.04
2020-12,70.89,6.03,1.63,4.82,6.63,1.13,0.7,4.34,1.85,0.15,0.51,0.01,0,0,0,0.53,0,0,0,0.02,0.15,0.02,0.52,0.01,0,0.02,0.02,0,0,0,0,0,0,0.02
2021-01,71.28,6.26,1.77,4.88,5.74,1.23,0.69,3.9,2.06,0.16,0.63,0.01,0,0,0,0.41,0,0,0,0,0.41,0.03,0.42,0,0,0.01,0.03,0,0,0.01,0,0,0,0.07
2021-02,71.54,5.04,2.02,5.52,6.64,0.8,0.71,3.49,1.79,0.05,0.51,0,0,0,0,1.1,0,0,0,0,0.28,0.04,0.43,0,0,0.01,0.01,0,0,0,0,0,0,0.01
2021-03,71.61,4.84,2.14,5.02,6.91,0.84,0.75,3.23,2.39,0.11,0.37,0.01,0,0,0,1.03,0,0,0,0,0.34,0.01,0.32,0.01,0,0,0.06,0,0,0,0,0,0,0.03
2021-04,71.54,5.23,1.56,4.98,7.18,0.48,0.25,4.21,2.6,0.17,0.31,0,0,0,0,1.05,0,0,0,0,0.24,0.01,0.15,0,0,0,0.02,0,0,0,0,0,0,0.02
2021-05,73.91,4.46,1.46,4.31,7.43,0.55,0.15,3.87,1.75,0.09,0.64,0,0,0,0,1.08,0,0,0,0,0.15,0.01,0.08,0,0,0,0.03,0,0,0,0,0,0,0.02
2021-06,74.44,4.88,1.35,3.86,5.8,0.5,0.36,3.98,1.9,0.03,1.49,0.01,0,0,0,1.07,0,0,0,0,0.09,0,0.16,0,0.01,0,0.05,0,0,0,0,0,0,0.02
2021-07,74.14,4.84,1.3,4.1,6.85,0.75,0.18,3.47,1.91,0.02,0.82,0,0,0,0,1.3,0,0,0,0,0.16,0.02,0.09,0.01,0,0,0.02,0,0,0,0,0,0,0.02
2021-08,74.65,5.37,0.96,4.12,6.04,1.02,0.14,3.34,1.47,0.04,0.97,0,0,0,0,0.95,0,0,0,0,0.09,0.01,0.78,0.01,0,0,0.02,0,0,0,0,0,0,0.02
2021-09,73.54,5.43,1.18,5.34,5.78,0.59,0.08,4.67,1.87,0.06,0.23,0,0,0,0,0.76,0,0,0,0,0.07,0.03,0.31,0,0,0,0.02,0,0,0,0,0,0,0.03
2021-10,72.19,4.83,1.02,4.99,7.4,0.5,0.12,5.12,2.06,0.09,0.71,0,0,0,0,0.62,0,0,0,0,0.08,0.02,0.2,0,0,0,0.04,0,0,0,0,0,0,0.01
2021-11,72.31,5.14,0.89,4.48,7.23,0.42,0.08,5.59,1.76,0.13,0.81,0,0,0,0,0.64,0,0,0,0,0.24,0.03,0.22,0,0,0,0.01,0,0,0,0,0,0,0.03
2021-12,72.86,4.21,0.95,4.03,8.19,0.29,0.12,5.62,1.84,0.08,0.9,0,0,0.01,0,0.52,0,0,0,0,0.04,0.01,0.26,0,0,0,0.07,0,0,0,0,0,0,0.02
2022-01,72.31,3.88,1,4.89,8.29,1.01,0.09,4.75,1.87,0.04,0.34,0.01,0,0,0.78,0.54,0,0,0,0.01,0.04,0,0.1,0,0,0,0.01,0,0,0.01,0,0,0,0.05
2022-02,71.09,4.9,0.73,3.32,10.61,0.38,0.07,4.13,1.11,0.06,0.31,0,0,0,2.77,0.23,0,0,0,0,0.08,0.01,0.01,0,0,0,0.04,0,0,0,0,0,0,0.12
2022-03,72.84,3.82,0.91,3,10.43,0.35,0.07,5.13,1.36,0.03,0.26,0,0,0.01,1.25,0.38,0,0,0,0,0.07,0.02,0.03,0,0,0.01,0.02,0,0,0,0,0,0,0.01
2022-04,74.59,3.27,0.65,3.26,8.91,0.2,0.05,4.82,1.75,0.01,0.27,0,0,0,1.76,0.36,0,0,0,0,0.03,0,0,0,0,0.01,0.03,0,0,0,0,0,0,0.01
2022-05,73.76,3.49,0.5,3.82,8.75,0.21,0.09,5.08,1.64,0,0.24,0.07,0,0,1.98,0.25,0,0,0,0,0.02,0.01,0.01,0,0,0.03,0.04,0,0,0,0,0,0,0.01
2022-06,71.99,3.87,0.65,3.41,8.91,0.42,0.07,5.16,1.68,0.01,0.37,0,0,0,3.1,0.23,0,0,0,0,0.02,0.01,0,0.01,0,0.02,0.04,0,0,0,0,0,0,0.02
2022-07,71.67,3.76,0.63,3.98,8.12,0.52,0.05,5.27,1.26,0.01,0.23,0,0,0,4.07,0.26,0,0,0,0,0.03,0.02,0.01,0,0,0,0.08,0,0,0,0,0,0,0.01
2022-08,71.55,5.24,0.71,4.63,7.78,0.52,0.03,5.69,1.52,0.01,0.25,0,0,0,1.76,0.21,0,0,0,0,0.02,0.01,0,0,0,0,0.06,0,0,0,0,0,0,0.01
2022-09,72.91,4.24,0.5,3.87,10.1,0.36,0.03,4.45,1.53,0.01,0.27,0,0,0,1.17,0.25,0,0,0,0,0.05,0.08,0.01,0.01,0,0,0.13,0,0,0,0,0,0,0.01
2022-10,72.76,3.84,0.28,3.39,12.15,0.19,0.02,4.35,1.44,0.02,0.27,0,0,0,0.69,0.31,0,0,0,0,0.05,0.06,0.02,0,0,0,0.13,0,0,0,0,0,0,0.02
2022-11,73.57,3.28,0.33,3.47,12.24,0.18,0.04,4.94,0.98,0,0.18,0,0,0,0.27,0.36,0,0,0,0,0.02,0.06,0,0.01,0,0,0.03,0,0,0,0,0,0,0.02
2022-12,75.15,3.59,0.43,3.82,9.58,0.22,0.03,4.51,1.03,0,0.42,0,0,0,0.59,0.53,0,0,0,0,0.01,0.01,0,0,0,0,0.04,0,0,0,0,0,0,0.01
2023-01,74.8,3.09,0.41,3.86,11.64,0.24,0.03,3.93,0.92,0,0.39,0,0,0,0.06,0.47,0,0,0,0,0.04,0.03,0,0,0,0.01,0.06,0,0,0.01,0,0,0,0.01
2023-02,76.17,3.63,0.28,2.75,11.2,0.54,0.03,3.92,0.71,0,0.1,0,0,0,0.06,0.42,0,0,0,0,0.03,0.01,0,0,0,0,0.04,0,0,0.01,0,0.09,0,0.01
2023-03,76.78,3.41,0.17,2.31,9.85,0.6,0.02,5.31,0.8,0,0.11,0,0,0,0.04,0.32,0,0,0,0,0.09,0,0,0,0,0,0.08,0,0,0,0,0.09,0,0.01
2023-04,75.46,2.47,0.22,2.83,10.1,0.43,0.01,7.09,0.73,0,0.06,0,0,0,0.07,0.31,0,0,0,0,0.03,0.03,0,0,0,0,0.08,0,0,0,0,0.08,0,0.01
2023-05,78.22,2.46,0.15,2.76,8.25,0.28,0.02,6.57,0.69,0,0.03,0,0,0,0.09,0.23,0,0,0,0,0.01,0.11,0,0,0,0,0.06,0,0,0,0,0.05,0,0.01
2023-06,77.3,2.83,0.18,3.01,7.56,0.43,0.01,7.66,0.6,0,0.03,0,0,0,0.1,0.11,0,0,0,0,0.03,0.05,0,0,0,0,0.03,0,0,0,0,0.04,0,0.02
2023-07,72.92,2.34,0.22,3.99,6.57,0.3,0.02,12.67,0.54,0,0.03,0,0,0,0.05,0.12,0,0,0,0,0,0.12,0,0,0,0,0.05,0,0,0,0,0.05,0,0.01
2023-08,74.94,1.92,0.2,2.15,6.98,0.26,0.01,12.6,0.47,0,0.06,0,0,0,0.07,0.14,0,0,0,0,0.01,0.03,0,0,0,0.02,0.07,0,0,0,0,0.06,0,0.01
2023-09,75.18,1.76,0.14,1.7,8.16,0.17,0.01,11.96,0.51,0,0.04,0,0,0,0.06,0.16,0,0,0,0,0,0,0,0,0,0,0.04,0,0,0,0,0.08,0,0.01
2023-10,75.46,1.56,0.11,1.38,8.51,0.09,0,12.06,0.52,0,0.02,0,0,0,0.02,0.13,0,0,0,0,0.02,0,0,0,0,0,0.03,0,0,0,0,0.05,0,0
2023-11,75.24,1.24,0.07,1.23,8.48,0.16,0,12.9,0.5,0,0.02,0,0,0,0.01,0.09,0,0,0,0,0,0,0,0,0,0,0.01,0,0,0,0,0.03,0,0
